6867,autismspeaks.org
20155,isms.pk
24403,farazsms.com
24438,wishesmsg.com
25546,rsms.me
27794,sms-activate.org
28906,smsaexpress.com
34721,sms.ir
34849,smsbump.com
35952,receive-smss.com
43785,receive-sms-free.cc
51937,smsreceivefree.com
56657,sms24.me
56994,shionismscol.xyz
58021,123autismschool.com
62437,receivesms.co
63741,freereceivesms.com
64035,bulksms.com
66132,mysms.com
67428,receive-sms.cc
68213,jsmsat.com
71689,smspva.com
73764,carcodesms.com
79431,receive-sms-online.info
80337,smsu.edu
81847,mytempsms.com
82426,usms.org
84008,sms-service-online.com
85597,smsbankasi.net
89822,osmsinc.com
90004,bdsmstreak.com
99008,pulsesms.app
101679,sms-man.com
101958,solarwindsmsp.com
112451,sms.red
113747,wosms.cn
113925,fast2sms.com
114223,joinsmsn.com
118788,smsalert.co.in
119673,smsindiahub.in
121366,smsc.ru
125887,smsorg.ge
129595,cialismstore.com
129970,painafterorgasms.com
136635,zusms.com
138323,smsmarket.co.kr
139480,canadianpharmaciesmsn.com
140319,smsd.org
142126,raygansms.com
146451,smstender.ru
146825,onlinesms.co.kr
148567,z-sms.com
153654,online-sms.org
154542,sms.cz
155547,getfreesmsnumber.com
155951,bulksmsnigeria.com
156018,smspva.net
158373,usmsystems.com
158629,smsupermalls.com
169157,way2sms.com
170480,tourismsaskatchewan.com
170844,gsmspain.com
171661,afreesms.com
172779,xiaozhusms.com
174127,smscountry.com
174236,cialisms.com
178412,smscodes.io
180548,creativemechanisms.com
191006,smspower.org
193568,benchmarksms.cf
193987,quoteswishesmsg.com
194722,smsverify.pro
200123,celersms.com
200911,bzzsms.com
202593,ismschools.com.au
209680,sms-group.com
210223,refersms.com
216780,niksms.com
217071,tourismselect.com
217764,smsglobal.com
218863,turkeysms.com.tr
221252,casms.org
226157,smsgatewayhub.com
228002,bulksmsgateway.in
228316,sms.ru
228623,sms-online.co
231472,smsmgifts.com
234239,smsgupshup.com
234981,receivesms.org
240324,teleosms.com
243551,newsmsk.com
245542,receive-sms-online.com
246927,receivefreesms.com
248124,smsinfo.io
251107,receive-sms.com
255544,jsms.jp
255851,sms-acktiwator.ru
258345,numarasmsonay.com
260364,getitsms.com
262707,smsphoneleads.com
266118,sms-receive.net
267543,smsmisr.com
270274,smsonay.com
270335,smsbits.in
270400,gsmserver.com
270826,asmscience.org
271395,prismstandard.org
272832,smsproducts.com
274278,ghasedaksms.com
275634,bangla-love-sms.com
277087,dnsmsn.com
279129,sms-activate.ru
283184,smsxpert.in
283231,casinoslotsms.com
284840,kotsms.com.tw
286212,receivesmsonline.net
287309,easysendsms.com
291710,sms4smile.com
292323,smsapproval.com
296699,mysmsbox.ru
299865,autismspeaks.ca
301594,compassmsp.com
301613,unosms.us
301770,ptechsms.co.in
304329,autismsciencefoundation.org
306637,smsassist.com
307129,0098sms.com
311877,daoisms.org
312637,tunisiesms.tn
312724,freecasinogamesms.com
314421,smsinsta.com
318554,msmsu.ru
321942,smshub.org
322106,oksms.org
322121,aphorismsgalore.com
326013,max-sms.ir
326043,cialismsnrx.com
330626,autismspectrum.org.au
331847,frontlinesms.com
331854,asms.org
332474,ahlsmsworld.com
342447,smartsmssolutions.com
344604,zsmspb.ru
344760,sms.at
345624,usms.ac.ma
354037,bcbsms.com
354138,mobilesms.io
358095,bsms.ac.uk
360702,99smsservice.com
362042,smsbenkad.com
362166,northwoodsmstc.org
362199,smspinverify.com
363126,vip1sms.com
364915,netbulksms.com
365301,yourbulksms.com
368497,smsg.gr
375305,bulksmsoperators.com
379317,smsportal.com
385742,sendsmsnow.com
386008,vvgudsms.com
388005,moonsms.co.kr
392660,nicesms.co.kr
393383,smsit.ai
394695,voyagesms.com
395989,smsb.co
396689,payamsms.com
397747,esmsv.com
402930,msms.org
405670,thesmstore.com
407788,smsolar.net
408008,icommktsms.co
411446,smsc.com
411841,mimsms.com
412300,smsreceive.site
413673,esms.vn
419981,autismsupportnetwork.com
420886,smskb.com
422378,sms-magic.com
425005,triosms.com
425663,jaipurbulksms.com
427343,nextsms.co.tz
430930,smsbox.in
431392,turbosms.ua
432820,autismsociety-nc.org
436243,smartsms.ir
437081,plagiarismsearch.com
437671,pensms.com
438116,smsgorod.ru
447544,routesms.com
449537,onlysms.in
452287,smsapi.com
453385,smslucknow.com
454141,bulksmsbd.com
456187,smsidea.com
457484,trillionsms.com
458794,receiveasms.com
460031,tsms.ir
461036,smsna.org
461896,smsjust.com
465999,ebulksms.com
474639,cato-sms.com
479825,medianasms.com
481755,pgsms.co
486103,tabansms.com
487390,thesms.in
487489,wp-sms-pro.com
492437,smsbomber.online
495336,sms-reg.com
495434,sms.to
496825,bulksms-marketing.com
498740,smsik.su
500616,onlinesmsmarketing.com
503770,sms2video.ru
507254,fancysms.com
509999,electricsms.com
510681,sendanonymoussms.com
516032,shamelsms.net
516266,tourismsaskatoon.com
518319,dsmsu.gov.ua
518945,verifywithsms.com
519246,smskhalsalabanacollege.org
520394,webone-sms.ir
521523,ozekisms.com
523934,hamyarsms.com
526622,thaibulksms.com
527060,sms40.com
527253,smsxabar.uz
528418,cialismsnntx.com
528677,gbestsms.com
532474,smspd.com
535116,mysmsmantra.com
537287,receivesms.live
538939,amoozeshmosms.ir
539464,mobilesmspk.net
547195,egosms.co
550312,getsmscode.com
550332,bulksmsplans.com
550977,smsbox.com
552024,yfsms.com
552406,easysms.com.tw
553616,smsl-audio.com
557527,smsticket.cz
558056,bhashsms.com
560365,smsapi.pl
561871,receive-sms-now.com
562336,amootsms.com
562938,receivefreesms.net
563306,kudisms.net
564194,esmsolutions.com
564937,dove-sms.com
567391,smsmkt.com
569043,sms-timing.com
571281,isms.online
578191,vak-sms.com
578669,egysms.com
582294,autismsitters.com
586436,prismsound.com
587299,smsrecyclingequip.com
587312,smsconnect.ro
588414,candoosms.com
598686,webone-sms.com
600141,nowsms.com
605078,smsdigito.com
606968,jawalbsms.ws
607359,mysmsalert.com.ng
608929,cit-sms.com
611707,winsms.io
612572,smsumustangs.com
613674,smsonline.ir
616240,smsonay.co
616574,bm-sms.co.jp
617752,psmsl.org
620744,dsmsolutions.cl
621725,isms.ir
622696,yunjisms.xyz
625243,temp-sms.org
625523,bestlovesms.in
626565,dentalmedicaltourismserbia.com
627455,bdsmsex.top
629133,shortysms.com
633646,smshorizon.co.in
636545,smskull.com
637860,tirupatisms.com
646343,yotasms.ir
646473,smstools.online
646927,sms-system.com.tw
647621,analyticsmsp.com
647669,sibsms.com
648727,vatansms.com
653245,quick2sms.com
653258,smsr.info
656007,gwsms.us
656010,receive-sms-online.cc
658322,sms-muzeji.si
658794,rocketsms.by
661497,sms77.io
662841,sms-ge.ch
663255,niazpardaz-sms.com
666696,tsms.org.in
668994,smsitgroup.com
670000,burstsms.com.au
670689,safsms.cloud
671622,bsmschool.org
673757,mangasms.com
675361,sms-profit.net
675786,voicesms.co.in
676807,powersms.kr
677339,jawalsms.net
682369,bulksmsind.in
684286,smsint.ru
689870,funnyisms.com
690567,onlinepromosms.com
694986,smseller.com
698448,smsservice.ir
698919,sms-service.co
699172,smstrackers.com
699915,sms.ac
707882,kaspisms.com
710322,sms4file.com
711595,hnsmsj.com
716974,freesmscenter.com
717884,smsq.com.bd
720736,smsbao.com
721475,happywishesmsg.com
727322,smspetropolis.net.br
729297,bulksms.company
729972,smsbongda.net
737916,ismsmessages.com
744260,smsdealnow.com
744491,falizsms.com
745932,pavansms.com
747361,getsms.online
747979,smsvk.net
748456,argusmso.com
748757,roundsms.com
749378,foxxsms.net
750099,xnsms.com
751400,smsq.global
752688,sms-tsunami-warning.com
753132,speedsms.in
755867,mtnsms.com
759614,isms.jp
759776,csms.org
768650,smshubs.net
768684,tsmsportz.com
771031,perfectbulksms.com
771135,sms-mms-free.ru
771461,smseg.com
772675,zimmersms.com
773672,smspishgam.com
781331,simsms.org
783716,smsfinance.ru
788870,oursms.com
791057,trovesms.com
803620,asmsi.org.ph
805150,msmsu-portal.ru
806187,smshighway.com
807361,smsmasivos.com.mx
807652,walknowforautismspeaks.org
808313,smsgangwal.in
810959,asmscholarships.com
813636,hiro-sms.com
814731,smscomparison.com
818140,smsnotify.net
819188,give-sms.com
819852,smstiger.co.in
821881,dailyhindisms.com
822411,naturalorganisms.one
822690,smseshop.gr
824384,byebyesms.com
824500,freebulksmsonline.com
824768,magnetismsolutions.com
826729,sms24x7.in
827340,receivesms.cc
827370,prisms.in
828536,bulksmsdev.com
829347,mrsmscabinet.org
830339,gsmshop.md
835815,burstsms.com
837248,smsfassociation.com
837548,afrosms.ug
838132,bulksms.co
838605,adnsms.com
841043,corasms.com
841803,smsh.me
848185,smsfadviser.com
848437,smho-smso.ca
848471,esmschools.org
860634,sendgroupsms.com
864914,smstome.com
869258,smspool.net
873981,smsmuzic.ir
878504,hspsms.com
880638,jamesmsama.com
886731,winetourismspain.com
887115,bulk24sms.com
888589,gwangju-rosesmsg.com
891002,sms-translator.net
891384,isms.org
898748,santinisms.it
901446,bsmsa.cat
904298,smsstockalert.com
904783,reallysms.com
905295,freshsmsmaza.com
906292,gsmshare.net
910094,smsonline.cloud
911498,n1sms.ru
914224,smssquad.com
915350,sms.com.eg
915740,globalsms.cn
920455,esms.com.my
922178,hisms.ws
926217,autismsociety.org
926878,smsjob.tn
930529,smsonaylat.com
935874,sms-adv-portal.com
940911,foxisms.com
943229,smser.net
946031,smsedge.com
947378,vertexsms.com
948837,0731sms.com
949862,jsmsales.com
951569,free-sms-receive.com
955548,bulksmsteam.com
957160,oursms.net
957400,prpsms.co.in
957570,receivesmsfast.com
958800,server-bezsms.ru
959645,yourbulksms.net
962337,tempsms.co
963020,sms2x2.ru
967639,transmitsms.com
968606,csmsy.com
969166,viasms.pl
970611,hindimarathisms.com
970715,smsmom.com
971012,jooksms.com
974162,superfastsms.com
974891,smsworks360.com
975379,hxsmsc.com
978174,sms2pro.com
978757,mysmscuba.com
983381,smskhor.ir
983773,bulksmsprovider.website
984373,wsmspx.com
984989,5-sms.de
985363,freeinternationalsms.com
986741,punchsms.com
987309,bestreceivesms.com
991463,asms-pro.com
991740,smsbo.com
992957,ismseat.com
993979,smsidea.co.in
998322,smsvalet.com
999022,880sms.com
999323,rpmsms.in
