url,source,searchString,rank
http://autismspeaks.org,tranco,,6867
http://isms.pk,tranco,,20155
http://farazsms.com,tranco,,24403
http://wishesmsg.com,tranco,,24438
http://rsms.me,tranco,,25546
http://sms-activate.org,tranco,,27794
http://smsaexpress.com,tranco,,28906
http://sms.ir,tranco,,34721
http://smsbump.com,tranco,,34849
http://receive-smss.com,tranco,,35952
http://receive-sms-free.cc,tranco,,43785
http://smsreceivefree.com,tranco,,51937
http://sms24.me,tranco,,56657
http://shionismscol.xyz,tranco,,56994
http://123autismschool.com,tranco,,58021
http://receivesms.co,tranco,,62437
http://freereceivesms.com,tranco,,63741
http://bulksms.com,tranco,,64035
http://mysms.com,tranco,,66132
http://receive-sms.cc,tranco,,67428
http://jsmsat.com,tranco,,68213
http://smspva.com,tranco,,71689
http://carcodesms.com,tranco,,73764
http://receive-sms-online.info,tranco,,79431
http://smsu.edu,tranco,,80337
http://mytempsms.com,tranco,,81847
http://usms.org,tranco,,82426
http://sms-service-online.com,tranco,,84008
http://smsbankasi.net,tranco,,85597
http://osmsinc.com,tranco,,89822
http://bdsmstreak.com,tranco,,90004
http://pulsesms.app,tranco,,99008
http://sms-man.com,tranco,,101679
http://solarwindsmsp.com,tranco,,101958
http://sms.red,tranco,,112451
http://wosms.cn,tranco,,113747
http://fast2sms.com,tranco,,113925
http://joinsmsn.com,tranco,,114223
http://smsalert.co.in,tranco,,118788
http://smsindiahub.in,tranco,,119673
http://smsc.ru,tranco,,121366
http://smsorg.ge,tranco,,125887
http://cialismstore.com,tranco,,129595
http://painafterorgasms.com,tranco,,129970
http://zusms.com,tranco,,136635
http://smsmarket.co.kr,tranco,,138323
http://canadianpharmaciesmsn.com,tranco,,139480
http://smsd.org,tranco,,140319
http://raygansms.com,tranco,,142126
http://smstender.ru,tranco,,146451
http://onlinesms.co.kr,tranco,,146825
http://z-sms.com,tranco,,148567
http://online-sms.org,tranco,,153654
http://sms.cz,tranco,,154542
http://getfreesmsnumber.com,tranco,,155547
http://bulksmsnigeria.com,tranco,,155951
http://smspva.net,tranco,,156018
http://usmsystems.com,tranco,,158373
http://smsupermalls.com,tranco,,158629
http://way2sms.com,tranco,,169157
http://tourismsaskatchewan.com,tranco,,170480
http://gsmspain.com,tranco,,170844
http://afreesms.com,tranco,,171661
http://xiaozhusms.com,tranco,,172779
http://smscountry.com,tranco,,174127
http://cialisms.com,tranco,,174236
http://smscodes.io,tranco,,178412
http://creativemechanisms.com,tranco,,180548
http://smspower.org,tranco,,191006
http://benchmarksms.cf,tranco,,193568
http://quoteswishesmsg.com,tranco,,193987
http://smsverify.pro,tranco,,194722
http://celersms.com,tranco,,200123
http://bzzsms.com,tranco,,200911
http://ismschools.com.au,tranco,,202593
http://sms-group.com,tranco,,209680
http://refersms.com,tranco,,210223
http://niksms.com,tranco,,216780
http://tourismselect.com,tranco,,217071
http://smsglobal.com,tranco,,217764
http://turkeysms.com.tr,tranco,,218863
http://casms.org,tranco,,221252
http://smsgatewayhub.com,tranco,,226157
http://bulksmsgateway.in,tranco,,228002
http://sms.ru,tranco,,228316
http://sms-online.co,tranco,,228623
http://smsmgifts.com,tranco,,231472
http://smsgupshup.com,tranco,,234239
http://receivesms.org,tranco,,234981
http://teleosms.com,tranco,,240324
http://newsmsk.com,tranco,,243551
http://receive-sms-online.com,tranco,,245542
http://receivefreesms.com,tranco,,246927
http://smsinfo.io,tranco,,248124
http://receive-sms.com,tranco,,251107
http://jsms.jp,tranco,,255544
http://sms-acktiwator.ru,tranco,,255851
http://numarasmsonay.com,tranco,,258345
http://getitsms.com,tranco,,260364
http://smsphoneleads.com,tranco,,262707
http://sms-receive.net,tranco,,266118
http://smsmisr.com,tranco,,267543
http://smsonay.com,tranco,,270274
http://smsbits.in,tranco,,270335
http://gsmserver.com,tranco,,270400
http://asmscience.org,tranco,,270826
http://prismstandard.org,tranco,,271395
http://smsproducts.com,tranco,,272832
http://ghasedaksms.com,tranco,,274278
http://bangla-love-sms.com,tranco,,275634
http://dnsmsn.com,tranco,,277087
http://sms-activate.ru,tranco,,279129
http://smsxpert.in,tranco,,283184
http://casinoslotsms.com,tranco,,283231
http://kotsms.com.tw,tranco,,284840
http://receivesmsonline.net,tranco,,286212
http://easysendsms.com,tranco,,287309
http://sms4smile.com,tranco,,291710
http://smsapproval.com,tranco,,292323
http://mysmsbox.ru,tranco,,296699
http://autismspeaks.ca,tranco,,299865
http://compassmsp.com,tranco,,301594
http://unosms.us,tranco,,301613
http://ptechsms.co.in,tranco,,301770
http://autismsciencefoundation.org,tranco,,304329
http://smsassist.com,tranco,,306637
http://0098sms.com,tranco,,307129
http://daoisms.org,tranco,,311877
http://tunisiesms.tn,tranco,,312637
http://freecasinogamesms.com,tranco,,312724
http://smsinsta.com,tranco,,314421
http://msmsu.ru,tranco,,318554
http://smshub.org,tranco,,321942
http://oksms.org,tranco,,322106
http://aphorismsgalore.com,tranco,,322121
http://max-sms.ir,tranco,,326013
http://cialismsnrx.com,tranco,,326043
http://autismspectrum.org.au,tranco,,330626
http://frontlinesms.com,tranco,,331847
http://asms.org,tranco,,331854
http://ahlsmsworld.com,tranco,,332474
http://smartsmssolutions.com,tranco,,342447
http://zsmspb.ru,tranco,,344604
http://sms.at,tranco,,344760
http://usms.ac.ma,tranco,,345624
http://bcbsms.com,tranco,,354037
http://mobilesms.io,tranco,,354138
http://bsms.ac.uk,tranco,,358095
http://99smsservice.com,tranco,,360702
http://smsbenkad.com,tranco,,362042
http://northwoodsmstc.org,tranco,,362166
http://smspinverify.com,tranco,,362199
http://vip1sms.com,tranco,,363126
http://netbulksms.com,tranco,,364915
http://yourbulksms.com,tranco,,365301
http://smsg.gr,tranco,,368497
http://bulksmsoperators.com,tranco,,375305
http://smsportal.com,tranco,,379317
http://sendsmsnow.com,tranco,,385742
http://vvgudsms.com,tranco,,386008
http://moonsms.co.kr,tranco,,388005
http://nicesms.co.kr,tranco,,392660
http://smsit.ai,tranco,,393383
http://voyagesms.com,tranco,,394695
http://smsb.co,tranco,,395989
http://payamsms.com,tranco,,396689
http://esmsv.com,tranco,,397747
http://msms.org,tranco,,402930
http://thesmstore.com,tranco,,405670
http://smsolar.net,tranco,,407788
http://icommktsms.co,tranco,,408008
http://smsc.com,tranco,,411446
http://mimsms.com,tranco,,411841
http://smsreceive.site,tranco,,412300
http://esms.vn,tranco,,413673
http://autismsupportnetwork.com,tranco,,419981
http://smskb.com,tranco,,420886
http://sms-magic.com,tranco,,422378
http://triosms.com,tranco,,425005
http://jaipurbulksms.com,tranco,,425663
http://nextsms.co.tz,tranco,,427343
http://smsbox.in,tranco,,430930
http://turbosms.ua,tranco,,431392
http://autismsociety-nc.org,tranco,,432820
http://smartsms.ir,tranco,,436243
http://plagiarismsearch.com,tranco,,437081
http://pensms.com,tranco,,437671
http://smsgorod.ru,tranco,,438116
http://routesms.com,tranco,,447544
http://onlysms.in,tranco,,449537
http://smsapi.com,tranco,,452287
http://smslucknow.com,tranco,,453385
http://bulksmsbd.com,tranco,,454141
http://smsidea.com,tranco,,456187
http://trillionsms.com,tranco,,457484
http://receiveasms.com,tranco,,458794
http://tsms.ir,tranco,,460031
http://smsna.org,tranco,,461036
http://smsjust.com,tranco,,461896
http://ebulksms.com,tranco,,465999
http://cato-sms.com,tranco,,474639
http://medianasms.com,tranco,,479825
http://pgsms.co,tranco,,481755
http://tabansms.com,tranco,,486103
http://thesms.in,tranco,,487390
http://wp-sms-pro.com,tranco,,487489
http://smsbomber.online,tranco,,492437
http://sms-reg.com,tranco,,495336
http://sms.to,tranco,,495434
http://bulksms-marketing.com,tranco,,496825
http://smsik.su,tranco,,498740
http://onlinesmsmarketing.com,tranco,,500616
http://sms2video.ru,tranco,,503770
http://fancysms.com,tranco,,507254
http://electricsms.com,tranco,,509999
http://sendanonymoussms.com,tranco,,510681
http://shamelsms.net,tranco,,516032
http://tourismsaskatoon.com,tranco,,516266
http://dsmsu.gov.ua,tranco,,518319
http://verifywithsms.com,tranco,,518945
http://smskhalsalabanacollege.org,tranco,,519246
http://webone-sms.ir,tranco,,520394
http://ozekisms.com,tranco,,521523
http://hamyarsms.com,tranco,,523934
http://thaibulksms.com,tranco,,526622
http://sms40.com,tranco,,527060
http://smsxabar.uz,tranco,,527253
http://cialismsnntx.com,tranco,,528418
http://gbestsms.com,tranco,,528677
http://smspd.com,tranco,,532474
http://mysmsmantra.com,tranco,,535116
http://receivesms.live,tranco,,537287
http://amoozeshmosms.ir,tranco,,538939
http://mobilesmspk.net,tranco,,539464
http://egosms.co,tranco,,547195
http://getsmscode.com,tranco,,550312
http://bulksmsplans.com,tranco,,550332
http://smsbox.com,tranco,,550977
http://yfsms.com,tranco,,552024
http://easysms.com.tw,tranco,,552406
http://smsl-audio.com,tranco,,553616
http://smsticket.cz,tranco,,557527
http://bhashsms.com,tranco,,558056
http://smsapi.pl,tranco,,560365
http://receive-sms-now.com,tranco,,561871
http://amootsms.com,tranco,,562336
http://receivefreesms.net,tranco,,562938
http://kudisms.net,tranco,,563306
http://esmsolutions.com,tranco,,564194
http://dove-sms.com,tranco,,564937
http://smsmkt.com,tranco,,567391
http://sms-timing.com,tranco,,569043
http://isms.online,tranco,,571281
http://vak-sms.com,tranco,,578191
http://egysms.com,tranco,,578669
http://autismsitters.com,tranco,,582294
http://prismsound.com,tranco,,586436
http://smsrecyclingequip.com,tranco,,587299
http://smsconnect.ro,tranco,,587312
http://candoosms.com,tranco,,588414
http://webone-sms.com,tranco,,598686
http://nowsms.com,tranco,,600141
http://smsdigito.com,tranco,,605078
http://jawalbsms.ws,tranco,,606968
http://mysmsalert.com.ng,tranco,,607359
http://cit-sms.com,tranco,,608929
http://winsms.io,tranco,,611707
http://smsumustangs.com,tranco,,612572
http://smsonline.ir,tranco,,613674
http://smsonay.co,tranco,,616240
http://bm-sms.co.jp,tranco,,616574
http://psmsl.org,tranco,,617752
http://dsmsolutions.cl,tranco,,620744
http://isms.ir,tranco,,621725
http://yunjisms.xyz,tranco,,622696
http://temp-sms.org,tranco,,625243
http://bestlovesms.in,tranco,,625523
http://dentalmedicaltourismserbia.com,tranco,,626565
http://bdsmsex.top,tranco,,627455
http://shortysms.com,tranco,,629133
http://smshorizon.co.in,tranco,,633646
http://smskull.com,tranco,,636545
http://tirupatisms.com,tranco,,637860
http://yotasms.ir,tranco,,646343
http://smstools.online,tranco,,646473
http://sms-system.com.tw,tranco,,646927
http://analyticsmsp.com,tranco,,647621
http://sibsms.com,tranco,,647669
http://vatansms.com,tranco,,648727
http://quick2sms.com,tranco,,653245
http://smsr.info,tranco,,653258
http://gwsms.us,tranco,,656007
http://receive-sms-online.cc,tranco,,656010
http://sms-muzeji.si,tranco,,658322
http://rocketsms.by,tranco,,658794
http://sms77.io,tranco,,661497
http://sms-ge.ch,tranco,,662841
http://niazpardaz-sms.com,tranco,,663255
http://tsms.org.in,tranco,,666696
http://smsitgroup.com,tranco,,668994
http://burstsms.com.au,tranco,,670000
http://safsms.cloud,tranco,,670689
http://bsmschool.org,tranco,,671622
http://mangasms.com,tranco,,673757
http://sms-profit.net,tranco,,675361
http://voicesms.co.in,tranco,,675786
http://powersms.kr,tranco,,676807
http://jawalsms.net,tranco,,677339
http://bulksmsind.in,tranco,,682369
http://smsint.ru,tranco,,684286
http://funnyisms.com,tranco,,689870
http://onlinepromosms.com,tranco,,690567
http://smseller.com,tranco,,694986
http://smsservice.ir,tranco,,698448
http://sms-service.co,tranco,,698919
http://smstrackers.com,tranco,,699172
http://sms.ac,tranco,,699915
http://kaspisms.com,tranco,,707882
http://sms4file.com,tranco,,710322
http://hnsmsj.com,tranco,,711595
http://freesmscenter.com,tranco,,716974
http://smsq.com.bd,tranco,,717884
http://smsbao.com,tranco,,720736
http://happywishesmsg.com,tranco,,721475
http://smspetropolis.net.br,tranco,,727322
http://bulksms.company,tranco,,729297
http://smsbongda.net,tranco,,729972
http://ismsmessages.com,tranco,,737916
http://smsdealnow.com,tranco,,744260
http://falizsms.com,tranco,,744491
http://pavansms.com,tranco,,745932
http://getsms.online,tranco,,747361
http://smsvk.net,tranco,,747979
http://argusmso.com,tranco,,748456
http://roundsms.com,tranco,,748757
http://foxxsms.net,tranco,,749378
http://xnsms.com,tranco,,750099
http://smsq.global,tranco,,751400
http://sms-tsunami-warning.com,tranco,,752688
http://speedsms.in,tranco,,753132
http://mtnsms.com,tranco,,755867
http://isms.jp,tranco,,759614
http://csms.org,tranco,,759776
http://smshubs.net,tranco,,768650
http://tsmsportz.com,tranco,,768684
http://perfectbulksms.com,tranco,,771031
http://sms-mms-free.ru,tranco,,771135
http://smseg.com,tranco,,771461
http://zimmersms.com,tranco,,772675
http://smspishgam.com,tranco,,773672
http://simsms.org,tranco,,781331
http://smsfinance.ru,tranco,,783716
http://oursms.com,tranco,,788870
http://trovesms.com,tranco,,791057
http://asmsi.org.ph,tranco,,803620
http://msmsu-portal.ru,tranco,,805150
http://smshighway.com,tranco,,806187
http://smsmasivos.com.mx,tranco,,807361
http://walknowforautismspeaks.org,tranco,,807652
http://smsgangwal.in,tranco,,808313
http://asmscholarships.com,tranco,,810959
http://hiro-sms.com,tranco,,813636
http://smscomparison.com,tranco,,814731
http://smsnotify.net,tranco,,818140
http://give-sms.com,tranco,,819188
http://smstiger.co.in,tranco,,819852
http://dailyhindisms.com,tranco,,821881
http://naturalorganisms.one,tranco,,822411
http://smseshop.gr,tranco,,822690
http://byebyesms.com,tranco,,824384
http://freebulksmsonline.com,tranco,,824500
http://magnetismsolutions.com,tranco,,824768
http://sms24x7.in,tranco,,826729
http://receivesms.cc,tranco,,827340
http://prisms.in,tranco,,827370
http://bulksmsdev.com,tranco,,828536
http://mrsmscabinet.org,tranco,,829347
http://gsmshop.md,tranco,,830339
http://burstsms.com,tranco,,835815
http://smsfassociation.com,tranco,,837248
http://afrosms.ug,tranco,,837548
http://bulksms.co,tranco,,838132
http://adnsms.com,tranco,,838605
http://corasms.com,tranco,,841043
http://smsh.me,tranco,,841803
http://smsfadviser.com,tranco,,848185
http://smho-smso.ca,tranco,,848437
http://esmschools.org,tranco,,848471
http://sendgroupsms.com,tranco,,860634
http://smstome.com,tranco,,864914
http://smspool.net,tranco,,869258
http://smsmuzic.ir,tranco,,873981
http://hspsms.com,tranco,,878504
http://jamesmsama.com,tranco,,880638
http://winetourismspain.com,tranco,,886731
http://bulk24sms.com,tranco,,887115
http://gwangju-rosesmsg.com,tranco,,888589
http://sms-translator.net,tranco,,891002
http://isms.org,tranco,,891384
http://santinisms.it,tranco,,898748
http://bsmsa.cat,tranco,,901446
http://smsstockalert.com,tranco,,904298
http://reallysms.com,tranco,,904783
http://freshsmsmaza.com,tranco,,905295
http://gsmshare.net,tranco,,906292
http://smsonline.cloud,tranco,,910094
http://n1sms.ru,tranco,,911498
http://smssquad.com,tranco,,914224
http://sms.com.eg,tranco,,915350
http://globalsms.cn,tranco,,915740
http://esms.com.my,tranco,,920455
http://hisms.ws,tranco,,922178
http://autismsociety.org,tranco,,926217
http://smsjob.tn,tranco,,926878
http://smsonaylat.com,tranco,,930529
http://sms-adv-portal.com,tranco,,935874
http://foxisms.com,tranco,,940911
http://smser.net,tranco,,943229
http://smsedge.com,tranco,,946031
http://vertexsms.com,tranco,,947378
http://0731sms.com,tranco,,948837
http://jsmsales.com,tranco,,949862
http://free-sms-receive.com,tranco,,951569
http://bulksmsteam.com,tranco,,955548
http://oursms.net,tranco,,957160
http://prpsms.co.in,tranco,,957400
http://receivesmsfast.com,tranco,,957570
http://server-bezsms.ru,tranco,,958800
http://yourbulksms.net,tranco,,959645
http://tempsms.co,tranco,,962337
http://sms2x2.ru,tranco,,963020
http://transmitsms.com,tranco,,967639
http://csmsy.com,tranco,,968606
http://viasms.pl,tranco,,969166
http://hindimarathisms.com,tranco,,970611
http://smsmom.com,tranco,,970715
http://jooksms.com,tranco,,971012
http://superfastsms.com,tranco,,974162
http://smsworks360.com,tranco,,974891
http://hxsmsc.com,tranco,,975379
http://sms2pro.com,tranco,,978174
http://mysmscuba.com,tranco,,978757
http://smskhor.ir,tranco,,983381
http://bulksmsprovider.website,tranco,,983773
http://wsmspx.com,tranco,,984373
http://5-sms.de,tranco,,984989
http://freeinternationalsms.com,tranco,,985363
http://punchsms.com,tranco,,986741
http://bestreceivesms.com,tranco,,987309
http://asms-pro.com,tranco,,991463
http://smsbo.com,tranco,,991740
http://ismseat.com,tranco,,992957
http://smsidea.co.in,tranco,,993979
http://smsvalet.com,tranco,,998322
http://880sms.com,tranco,,999022
http://rpmsms.in,tranco,,999323
https://receive-smss.com/,google,receive sms,1
https://smsreceivefree.com/,google,receive sms,2
https://receive-sms-online.info/,google,receive sms,3
https://receive-sms.cc/,google,receive sms,4
https://www.receivesms.co/,google,receive sms,5
https://www.receivesms.org/,google,receive sms,6
https://getfreesmsnumber.com/,google,receive sms,7
https://sms-online.co/,google,receive sms,8
https://freephonenum.com/,google,receive sms,9
https://sms-man.com/,google,receive sms,10
https://receivesms.cc/,google,receive sms,11
https://sms-receive.net/,google,receive sms,12
https://www.receivesmsonline.net/,google,receive sms,13
https://pingme.tel/receive-sms-online/,google,receive sms,14
https://receive-sms-free.cc/Free-USA-Phone-Number/13044044050/,google,receive sms,15
https://www.raymond.cc/blog/top-10-sites-receive-sms-online-without-phone/,google,receive sms,16
https://sonetel.com/en/help/help-topics/using-the-service/can-i-send-and-receive-sms/,google,receive sms,17
https://smsreceive.site/en,google,receive sms,18
https://support.twilio.com/hc/en-us/articles/223133447-Not-Receiving-Incoming-SMS-and-MMS-Messages-on-Twilio-Phone-Number,google,receive sms,19
https://support.google.com/fi/answer/6205096?hl=en&co=GENIE.Platform%3DAndroid,google,receive sms,20
https://sms24.me/en/,google,receive sms,21
https://play.google.com/store/apps/details?id=com.smsreceive&hl=en_US&gl=US,google,receive sms,22
https://www.developershome.com/sms/howToReceiveSMSUsingPC.asp,google,receive sms,23
https://support.telnyx.com/en/articles/4348981-receiving-sms-on-your-telnyx-number,google,receive sms,24
https://docs.aws.amazon.com/mobile/sdkforxamarin/developerguide/sns-send-sms.html,google,receive sms,25
https://receiveasms.com/,google,receive sms,26
https://www.proovl.com/numbers,google,receive sms,27
https://temporary-phone-number.com/US-Phone-Number/,google,receive sms,28
https://www.youtube.com/watch?v=_C3x-UvS3Po,google,receive sms,29
https://support.microsoft.com/en-us/office/learn-more-about-chatting-via-sms-812d9e88-4891-4fd2-aee1-1ad3f4e23cff,google,receive sms,30
https://support.textmagic.com/faq/can-i-receive-sms-from-my-clients/,google,receive sms,31
https://www.geekdashboard.com/top-sites-to-receive-sms-online-without-a-phone/,google,receive sms,32
https://support.zoom.us/hc/en-us/articles/360054155112-Using-SMS,google,receive sms,33
https://zadarma.com/en/services/sms/,google,receive sms,34
https://support.skype.com/en/faq/FA34884/how-do-i-receive-sms-text-messages-in-skype,google,receive sms,35
https://support.hushed.com/hc/en-us/articles/360044682411-Texting-Why-can-t-I-receive-SMS-messages-,google,receive sms,36
https://support.apple.com/guide/messages/get-sms-texts-from-iphone-on-your-mac-icht8a28bb9a/mac,google,receive sms,37
https://docs.smrtphone.io/en/articles/5151351-setting-up-your-phone-numbers-to-receive-sms-mms,google,receive sms,38
https://support.messagebird.com/hc/en-us/articles/360000677629-Setting-your-account-up-to-receive-inbound-SMS,google,receive sms,39
https://sakari.io/features/sms-online/,google,receive sms,40
https://support.plivo.com/hc/en-us/articles/360041317012-How-can-I-receive-SMS-messages-on-my-Plivo-numbers-,google,receive sms,41
https://textrapp.com/receive-sms-online-usa-12252542523/,google,receive sms,42
https://smallbusiness.chron.com/receive-sms-messages-ipad-62485.html,google,receive sms,43
https://us-phone-number.com/,google,receive sms,44
https://help.clicksend.com/article/5kown6ixl2-how-to-receive-sms-on-email,google,receive sms,45
https://temp-number.org/,google,receive sms,46
https://mobilesms.io/,google,receive sms,47
https://simpletexting.com/virtual-phone-numbers/,google,receive sms,48
https://smsreceivefree.com/,google,receive sms free,1
https://receive-smss.com/,google,receive sms free,2
https://receive-sms.cc/,google,receive sms free,3
https://receive-sms-online.info/,google,receive sms free,4
https://getfreesmsnumber.com/,google,receive sms free,5
https://www.receivesms.org/,google,receive sms free,6
https://www.receivesms.co/,google,receive sms free,7
https://freephonenum.com/,google,receive sms free,8
https://receive-sms-free.cc/Free-USA-Phone-Number/,google,receive sms free,9
https://sms-online.co/,google,receive sms free,10
https://sms24.me/en/,google,receive sms free,11
https://pingme.tel/receive-sms-online/,google,receive sms free,12
https://temporary-phone-number.com/US-Phone-Number/,google,receive sms free,13
https://7sim.net/,google,receive sms free,14
https://quackr.io/,google,receive sms free,15
https://drfone.wondershare.com/message/receive-message-online.html,google,receive sms free,16
https://receivesms.cc/,google,receive sms free,17
https://sms-receive.net/,google,receive sms free,18
https://play.google.com/store/apps/details?id=com.smsreceive&hl=en_US&gl=US,google,receive sms free,19
https://smsreceive.site/en,google,receive sms free,20
https://www.virtnumber.com/freesmsreceive.php,google,receive sms free,21
https://www.geckoandfly.com/4124/send-and-receive-mms-and-sms-text-messages-to-mobile-phone-online-for-free/,google,receive sms free,22
http://receivefreesms.com/,google,receive sms free,23
https://textrapp.com/receive-sms-online-australia-61480089451/,google,receive sms free,24
https://www.raymond.cc/blog/top-10-sites-receive-sms-online-without-phone/,google,receive sms free,25
https://simpletexting.com/virtual-phone-numbers/,google,receive sms free,26
https://www.freereceivesms.com/en/mx/,google,receive sms free,27
https://onlinesim.ru/en/,google,receive sms free,28
https://www.tesms.net/,google,receive sms free,29
https://www.youtube.com/watch?v=_C3x-UvS3Po,google,receive sms free,30
https://oksms.org/,google,receive sms free,31
https://us-phone-number.com/,google,receive sms free,32
https://www.receivesmsonline.net/,google,receive sms free,33
https://onlinesim.io/en/,google,receive sms free,34
https://www.keyanalyzer.com/sites-to-receive-sms-online-for-verification/,google,receive sms free,35
https://mytempsms.com/receive-sms-online/usa-phone-number.html,google,receive sms free,36
https://receive-sms-online.cc/US-Phone-Number/,google,receive sms free,37
http://www.bfkdim.com/?lang=en,google,receive sms free,38
https://mobilesms.io/free-sms-verification/,google,receive sms free,39
https://freesmscenter.com/,google,receive sms free,40
https://www.textmagic.com/virtual-mobile-number/,google,receive sms free,41
https://sms.sellaite.com/,google,receive sms free,42
https://www.geekdashboard.com/top-sites-to-receive-sms-online-without-a-phone/,google,receive sms free,43
https://www.proovl.com/numbers,google,receive sms free,44
https://hs3x.com/,google,receive sms free,45
https://www.microsoft.com/en-np/p/free-receive-sms/9pgr9j8gkmxb?cid=msft_web_chart,google,receive sms free,46
https://spytm.com/sms-receive-online-free/,google,receive sms free,47
https://receive-sms-online.com/,google,receive sms free,48
https://www.gihosoft.com/android-tips/receive-sms-online-temporary-phone-number.html,google,receive sms free,49
https://chrome.google.com/webstore/detail/sms-receive-temporary-fak/cnpeeegnainlbbofepdjnppcngnemmml,google,receive sms free,50
https://receive-smss.com/,google,receive sms online,1
https://receive-sms-online.info/,google,receive sms online,2
https://smsreceivefree.com/,google,receive sms online,3
https://receive-sms.cc/,google,receive sms online,4
https://www.receivesms.co/,google,receive sms online,5
https://sms-online.co/,google,receive sms online,6
https://www.receivesms.org/,google,receive sms online,7
https://getfreesmsnumber.com/,google,receive sms online,8
https://sms24.me/en/,google,receive sms online,9
https://www.smsbo.com/,google,receive sms online,10
https://receive-sms-online.com/,google,receive sms online,11
https://sms-man.com/,google,receive sms online,12
https://oksms.org/,google,receive sms online,13
https://www.receivesmsonline.net/,google,receive sms online,14
https://www.freereceivesms.com/en/id/,google,receive sms online,15
https://mytempsms.com/,google,receive sms online,16
https://pingme.tel/receive-sms-online/,google,receive sms online,17
https://receivesms.cc/,google,receive sms online,18
https://www.data.ai/en/apps/google-play/app/us.receive.sms.online.verification/,google,receive sms online,19
https://freephonenum.com/,google,receive sms online,20
https://receive-sms-free.cc/Free-Indonesia-Phone-Number/6283865326472/,google,receive sms online,21
https://7sim.net/,google,receive sms online,22
https://temporary-phone-number.com/Indonesia-Phone-Number/,google,receive sms online,23
http://receivefreesms.com/,google,receive sms online,24
https://5sim.net/,google,receive sms online,25
https://sms-receive.net/,google,receive sms online,26
http://www.bfkdim.com/messages?phone=83800134859&page=3&lang=en,google,receive sms online,27
https://quackr.io/,google,receive sms online,28
https://apps.apple.com/us/app/sms-box-receive-sms-online/id1518078364,google,receive sms online,29
https://online-sms.org/free-phone-number-6285574670577,google,receive sms online,30
https://temp-number.org/,google,receive sms online,31
https://www.youtube.com/watch?v=_C3x-UvS3Po,google,receive sms online,32
https://apkpure.com/id/receive-sms-online/com.cicklow.receivesmsonline,google,receive sms online,33
https://play.google.com/store/apps/details?id=com.jb.receivesms&hl=ar&gl=US,google,receive sms online,34
https://www.raymond.cc/blog/top-10-sites-receive-sms-online-without-phone/,google,receive sms online,35
https://ecall-messaging.com/en/communication-channels/sms-online/,google,receive sms online,36
https://sms.sellaite.com/,google,receive sms online,37
https://receive-sms-online.cc/Countries/,google,receive sms online,38
https://www.freeonlinephone.org/,google,receive sms online,39
https://www.virtnumber.com/freesmsreceive.php,google,receive sms online,40
https://www.tesms.net/,google,receive sms online,41
https://freesmscenter.com/,google,receive sms online,42
https://textrapp.com/receive-sms-online-usa-12252542523/,google,receive sms online,43
https://sakari.io/features/sms-online/,google,receive sms online,44
https://freeje.com/services/sms-number,google,receive sms online,45
https://www.textmagic.com/receive-sms-online/,google,receive sms online,46
https://shopee.co.id/search?keyword=Receive%20Sms%20Online%20Indonesia%202020&utm_source=an_11368960033&utm_medium=affiliates&utm_campaign=-&utm_content=mywebsite1-sk-kid95221--&af_siteid=an_11368960033&pid=affiliates&af_click_lookback=7d&af_viewthrough_lookback=1d&is_retargeting=true&af_reengagement_window=7d&af_sub_siteid=mywebsite1-sk-kid95221--&c=-,google,receive sms online,47
https://turtle-sms.xyz/,google,receive sms online,48
https://smstools.online/receive-free-sms/,google,receive sms online,49
https://smsreceivefree.com/,google,temporary sms,1
https://freephonenum.com/,google,temporary sms,2
https://receive-smss.com/,google,temporary sms,3
https://quackr.io/,google,temporary sms,4
https://smstome.com/,google,temporary sms,5
https://www.receivesms.org/,google,temporary sms,6
https://temporary-phone-number.com/,google,temporary sms,7
https://sms24.me/en/,google,temporary sms,8
https://temp-number.com/,google,temporary sms,9
https://mytempsms.com/,google,temporary sms,10
https://www.tesms.net/,google,temporary sms,11
https://oksms.org/us-phone-numbers,google,temporary sms,12
https://temp-sms.org/,google,temporary sms,13
https://sms-man.com/,google,temporary sms,14
https://receivesms.cc/,google,temporary sms,15
https://receive-sms-free.cc/Free-USA-Phone-Number/,google,temporary sms,16
https://www.data.ai/en/apps/google-play/app/com.baboon.sms.receiver.online/,google,temporary sms,17
https://www.receivesms.co/us-phone-numbers/us/,google,temporary sms,18
https://play.google.com/store/apps/details?id=com.tempsms&hl=en_US&gl=US,google,temporary sms,19
https://freesmscenter.com/,google,temporary sms,20
https://github.com/jzarca01/temp-sms-watcher,google,temporary sms,21
https://www.ibm.com/docs/SSLTBW_2.2.0/com.ibm.zos.v2r2.idai600/chap5.htm,google,temporary sms,22
https://support.hpe.com/hpesc/public/docDisplay?docId=ns100.0.5253394.2676330en_us&docLocale=en_US,google,temporary sms,23
https://hushed.com/,google,temporary sms,24
https://www.gov.uk/government/collections/sponsorship-information-for-employers-and-educators,google,temporary sms,25
https://chrome.google.com/webstore/detail/sms-receive-temporary-fak/cnpeeegnainlbbofepdjnppcngnemmml?hl=pt-PT,google,temporary sms,26
https://temp99.com/,google,temporary sms,27
https://getfreesmsnumber.com/,google,temporary sms,28
https://tsms.servicesforfree.com/,google,temporary sms,29
https://www.quora.com/What-is-information-about-the-temporary-phone-number-to-receive-the-SMS,google,temporary sms,30
https://support.8x8.com/cloud-phone-service/voice/admin-console/phone-system-settings/extension-numbers/sms-feature-unavailable-in-admin-console-for-a-temporary-phone-number,google,temporary sms,31
https://m.apkpure.com/temp-sms-temporary-numbers/com.tempsms,google,temporary sms,32
https://mobilesms.io/,google,temporary sms,33
https://onlinesim.io/en/,google,temporary sms,34
https://www.textverified.com/,google,temporary sms,35
https://www.number4sms.com/,google,temporary sms,36
https://temp-number.org/,google,temporary sms,37
https://telnum.net/services/disposable-number/,google,temporary sms,38
https://online-sms.org/,google,temporary sms,39
https://receive-sms-online.cc/US-Phone-Number/,google,temporary sms,40
https://onlinesim.ru/en/,google,temporary sms,41
https://www.virtnumber.com/freesmsreceive.php,google,temporary sms,42
https://5sim.net/,google,temporary sms,43
https://sms-service-online.com/en/,google,temporary sms,44
https://docs.aws.amazon.com/cognito-user-identity-pools/latest/APIReference/API_AdminCreateUser.html,google,temporary sms,45
https://textport.com/temporary-numbers,google,temporary sms,46
https://hottelecom.biz/disposable-sms-number-of-usa.html,google,temporary sms,47
https://www.wikihow.com/Get-a-Temporary-Cell-Phone-Number,google,temporary sms,48
https://www.nerdynaut.com/should-you-rely-on-a-temporary-phone-number-for-verification,google,temporary sms,49
https://smsreceivefree.com/,google,temporary sms free,1
https://freephonenum.com/,google,temporary sms free,2
https://receive-smss.com/,google,temporary sms free,3
https://smstome.com/,google,temporary sms free,4
https://sms24.me/en/,google,temporary sms free,5
https://temporary-phone-number.com/,google,temporary sms free,6
https://quackr.io/,google,temporary sms free,7
https://www.receivesms.org/,google,temporary sms free,8
https://temp-number.com/,google,temporary sms free,9
https://mytempsms.com/,google,temporary sms free,10
https://www.tesms.net/,google,temporary sms free,11
https://receive-sms-free.cc/Free-USA-Phone-Number/,google,temporary sms free,12
https://receivesms.cc/,google,temporary sms free,13
https://getfreesmsnumber.com/,google,temporary sms free,14
https://oksms.org/,google,temporary sms free,15
https://temp-sms.org/,google,temporary sms free,16
https://freesmscenter.com/,google,temporary sms free,17
https://www.data.ai/en/apps/google-play/app/com.baboon.sms.receiver.online/,google,temporary sms free,18
https://temp99.com/,google,temporary sms free,19
https://onlinesim.io/en/,google,temporary sms free,20
https://www.receivesms.co/us-phone-numbers/us/,google,temporary sms free,21
https://www.keyanalyzer.com/sites-to-receive-sms-online-for-verification/,google,temporary sms free,22
https://chrome.google.com/webstore/detail/sms-receive-temporary-fak/cnpeeegnainlbbofepdjnppcngnemmml?hl=pt-PT,google,temporary sms free,23
https://hushed.com/,google,temporary sms free,24
https://receive-sms-online.cc/US-Phone-Number/,google,temporary sms free,25
https://www.gihosoft.com/android-tips/receive-sms-online-temporary-phone-number.html,google,temporary sms free,26
https://www.quora.com/How-can-I-get-a-free-temporary-mobile-phone-number-for-SMS,google,temporary sms free,27
https://www.reddit.com/r/IllegalLifeProTips/comments/iv3st6/ilpt_list_of_many_free_temporary_number_sites/,google,temporary sms free,28
https://www.wikihow.com/Get-a-Temporary-Cell-Phone-Number,google,temporary sms free,29
https://donotpay.com/learn/temporary-phone-number/,google,temporary sms free,30
https://www.makeuseof.com/tag/5-apps-getting-temporary-burner-phone-number/,google,temporary sms free,31
https://www.number4sms.com/,google,temporary sms free,32
https://www.pinterest.com/pin/768989705110284401/,google,temporary sms free,33
https://www.virtnumber.com/freesmsreceive.php,google,temporary sms free,34
https://www.burnerapp.com/,google,temporary sms free,35
https://sms-online.co/,google,temporary sms free,36
https://www.youtube.com/watch?v=_C3x-UvS3Po,google,temporary sms free,37
https://sms-man.com/,google,temporary sms free,38
https://www.freereceivesms.com/en/mx/,google,temporary sms free,39
https://play.google.com/store/apps/details?id=com.tempnumber.Temp_Number.Temp_Number&hl=en_US&gl=US,google,temporary sms free,40
https://us-phone-number.com/,google,temporary sms free,41
https://www.geekdashboard.com/top-sites-to-receive-sms-online-without-a-phone/,google,temporary sms free,42
https://smspool.net/free-sms-verification,google,temporary sms free,43
https://www.alphr.com/temporary-phone-number/,google,temporary sms free,44
https://www.geckoandfly.com/4124/send-and-receive-mms-and-sms-text-messages-to-mobile-phone-online-for-free/,google,temporary sms free,45
https://onlinesim.ru/en/,google,temporary sms free,46
https://imapack.com/jwn/temporary-us-phone-number.htm,google,temporary sms free,47
https://www.textverified.com/,google,temporary sms free,48
https://www.karteplus.com/,google,temporary sms free,49
https://www.receivesms.co/,google,public sms inbox,1
https://receive-sms-online.info/,google,public sms inbox,2
https://sms-online.co/,google,public sms inbox,3
https://www.raymond.cc/blog/top-10-sites-receive-sms-online-without-phone/,google,public sms inbox,4
https://sms-receive.net/,google,public sms inbox,5
https://www.textlocal.com/support/knowledge-base/viewing-inbox-messages/,google,public sms inbox,6
https://receivesms.cc/,google,public sms inbox,7
https://sms24.me/en/countries/id/,google,public sms inbox,8
https://www.reddit.com/r/onions/comments/8bpalr/receive_anonymous_sms_on_public_phone_numbers/,google,public sms inbox,9
https://www.proovl.com/test,google,public sms inbox,10
https://drfone.wondershare.com/message/receive-message-online.html,google,public sms inbox,11
https://www.geekdashboard.com/top-sites-to-receive-sms-online-without-a-phone/,google,public sms inbox,12
https://getfreesmsnumber.com/,google,public sms inbox,13
https://quackr.io/temporary-numbers/indonesia,google,public sms inbox,14
https://simpletexting.com/virtual-phone-numbers/,google,public sms inbox,15
https://receive-sms-free.cc/Free-Russia-Phone-Number/,google,public sms inbox,16
https://www.mailinator.com/site/sms/,google,public sms inbox,17
https://freephonenum.com/,google,public sms inbox,18
https://helpwise.io/shared-sms-inbox,google,public sms inbox,19
https://www.tm4b.com/,google,public sms inbox,20
https://stackoverflow.com/questions/13108337/how-to-receive-sms-only-from-one-specific-number-other-smss-go-to-phones-inbox,google,public sms inbox,21
https://en.wikipedia.org/wiki/SMS,google,public sms inbox,22
https://support.clerk.chat/slack/inbox,google,public sms inbox,23
https://static.account.xiaomi.com/html/faq/en_US/faqSMSerror.html,google,public sms inbox,24
https://docs.microsoft.com/en-us/dotnet/api/android.provider.telephony.sms.inbox,google,public sms inbox,25
https://5sim.net/free,google,public sms inbox,26
https://receiveasms.com/,google,public sms inbox,27
https://developer.android.com/reference/android/provider/Telephony.Sms.Inbox,google,public sms inbox,28
https://www.freereceivesms.com/en/id/,google,public sms inbox,29
https://apps.apple.com/us/app/sms-box-receive-sms-online/id1518078364,google,public sms inbox,30
https://www.npmjs.com/package/@edusperoni/nativescript-sms-inbox,google,public sms inbox,31
https://devci.gabbyville.com/public/ivr_plugins/sms/applets/sms-inbox/,google,public sms inbox,32
https://www.messagebird.com/en/solutions/inbox-for-good/,google,public sms inbox,33
https://www.skycore.com/help/sms-inbox-mms-inbox/,google,public sms inbox,34
https://play.google.com/store/apps/details?id=com.google.android.apps.messaging&hl=en&gl=US,google,public sms inbox,35
https://www.vonage.com/communications-apis/phone-numbers/,google,public sms inbox,36
https://onlinesim.io/en/,google,public sms inbox,37
https://www.temp-mails.com/,google,public sms inbox,38
https://www.braze.com/docs/user_guide/message_building_by_channel/sms/phone_numbers/user_phone_numbers/,google,public sms inbox,39
https://www.osbplf.org/inpractice/send-text-messages-to-your-clients-without-using-your-cell-phone/,google,public sms inbox,40
https://www.cise.ufl.edu/~traynor/papers/reaves-sp16.pdf,google,public sms inbox,41
https://help.twitter.com/en/using-twitter/direct-messages,google,public sms inbox,42
https://receive-sms.cc/India-Phone-Number/,google,public sms inbox,43
https://www.twilio.com/docs/sms/api,google,public sms inbox,44
https://zapier.com/apps/burst-sms/integrations/slack/9850/forward-messsages-received-by-your-burst-sms-inbox-to-a-slack-channel,google,public sms inbox,45
https://temporary-phone-number.com/Philippines-Phone-Number/,google,public sms inbox,46
https://github.com/banatta/sms-inbox,google,public sms inbox,47
https://smpp.org/,google,public sms inbox,48
https://www.quora.com/How-can-I-receive-SMS-without-access-to-my-phone-sim,google,public sms inbox,49
https://www.campaignmonitor.com/blog/email-marketing/sms-marketing-vs-email-marketing/,google,public sms inbox,50
https://receive-smss.com/,bing,receive sms,1
https://receivesms.cc/,bing,receive sms,2
https://www.receivesms.org/,bing,receive sms,3
https://receivesms.info/,bing,receive sms,4
https://receivesms.live/,bing,receive sms,5
https://textrapp.com/free-receive-sms-online-tool/,bing,receive sms,6
https://mytempsms.com/,bing,receive sms,7
https://www.free-sms-receive.com/,bing,receive sms,8
https://smstome.com/,bing,receive sms,9
https://smsreceivefree.net/,bing,receive sms,10
https://receivesms.info/united-states,bing,receive sms,11
https://receivesmss.net/,bing,receive sms,12
https://www.number4sms.com/,bing,receive sms,13
https://receive-sms.com/,bing,receive sms,14
https://receive-sms-free.cc/,bing,receive sms,15
https://sms-receive.net/,bing,receive sms,16
https://cloakmobile.com/,bing,receive sms,17
https://www.receivesms.org/receive-sms-online-from-carepathway/,bing,receive sms,18
http://mini-wahr.de/receive-free-sms-for-whatsapp.html,bing,receive sms,19
http://blumenriviera-shop.de/get-sms-code-online.html,bing,receive sms,20
https://mytempsms.com/receive-sms-from/%E6%B1%9F%E6%B2%B9%E8%AE%BA%E5%9D%9B,bing,receive sms,21
https://www.raymond.cc/blog/top-10-sites-receive-sms-online-without-phone/,bing,receive sms,22
https://online-sms.org/,bing,receive sms,23
https://www.bing.com/rebates/welcome?url=https%3a%2f%2fwww.tenorshare.com%2fiphone-tips%2freceive-message-online.html&murl=https%3a%2f%2fwww.jdoqocy.com%2fclick-9069228-13780954%3furl%3dhttps%253a%252f%252fwww.tenorshare.com%252fiphone-tips%252freceive-message-online.html%26afsrc%3d1%26SID%3d&id=tenorshare&name=Tenorshare&ra=50%&hash=854ba0863d3d3415cac03352762131839a35da39694a572356e01091c2086eab&network=CJ,bing,receive sms,24
http://betsson263-registrieren.de/receive-sms-online-virtual-mobile-number-uk.html,bing,receive sms,25
http://fachschaft-germanistik.de/send-free-sms-without-registration-upto-1000-characters.html,bing,receive sms,26
https://receive-smss.com/,bing,receive sms free,1
https://receivesms.info/,bing,receive sms free,2
https://smsreceivefree.net/,bing,receive sms free,3
https://textrapp.com/free-receive-sms-online-tool/,bing,receive sms free,4
https://smstome.com/,bing,receive sms free,5
https://www.free-sms-receive.com/,bing,receive sms free,6
https://cloakmobile.com/,bing,receive sms free,7
https://receive-sms-free.cc/,bing,receive sms free,8
https://www.receivesms.org/,bing,receive sms free,9
https://mytempsms.com/,bing,receive sms free,10
https://receivesms.live/,bing,receive sms free,11
https://smstools.online/receive-free-sms/,bing,receive sms free,12
https://7sim.net/,bing,receive sms free,13
https://receive-sms-free.cc/Free-USA-Phone-Number/,bing,receive sms free,14
https://smstools.online/receive-free-sms/usa/,bing,receive sms free,15
https://www.getyoursms.com/,bing,receive sms free,16
https://www.online-receive-sms.com/,bing,receive sms free,17
https://receivesms.cc/,bing,receive sms free,18
https://onlinesmsbox.com/,bing,receive sms free,19
https://onlinesim.io/,bing,receive sms free,20
https://receivesmss.net/,bing,receive sms free,21
https://receivefreesms.info/,bing,receive sms free,22
https://receive-sms-online.info/,bing,receive sms free,23
https://www.receivesms365.com/,bing,receive sms free,24
https://freephonenum.com/,bing,receive sms free,25
https://www.receivesms.org/us-phone-numbers/us/,bing,receive sms free,26
https://www.bing.com/rebates/welcome?url=https%3a%2f%2fwww.tenorshare.com%2fiphone-tips%2freceive-message-online.html&murl=https%3a%2f%2fwww.jdoqocy.com%2fclick-9069228-13780954%3furl%3dhttps%253a%252f%252fwww.tenorshare.com%252fiphone-tips%252freceive-message-online.html%26afsrc%3d1%26SID%3d&id=tenorshare&name=Tenorshare&ra=50%&hash=854ba0863d3d3415cac03352762131839a35da39694a572356e01091c2086eab&network=CJ,bing,receive sms free,27
https://mytempsms.com/receive-sms-from/Google,bing,receive sms free,28
https://receive-sms-online.info/inactive-numbers.php,bing,receive sms free,29
https://www.virtualwebphone.com/,bing,receive sms free,30
http://mini-wahr.de/receive-free-sms-for-whatsapp.html,bing,receive sms free,31
https://receivesms.info/germany,bing,receive sms free,32
https://quackr.io/,bing,receive sms free,33
https://onlinesim.ru/en/,bing,receive sms free,34
https://sms-receive.net/,bing,receive sms free,35
https://5sim.net/free,bing,receive sms free,36
https://drfone.wondershare.com/message/receive-message-online.html,bing,receive sms free,37
http://fachschaft-germanistik.de/send-free-sms-without-registration-upto-1000-characters.html,bing,receive sms free,38
https://pingme.tel/receive-sms-online/,bing,receive sms free,39
https://freepublicsms.com/numbers/brazil,bing,receive sms free,40
https://receive-smss.com/,bing,receive sms online,1
https://receivesms.info/,bing,receive sms online,2
https://receive-sms-online.info/,bing,receive sms online,3
https://receivesms.cc/,bing,receive sms online,4
https://www.receivesms.org/,bing,receive sms online,5
https://smstome.com/,bing,receive sms online,6
https://mytempsms.com/,bing,receive sms online,7
https://receivesms.live/,bing,receive sms online,8
https://receiveasmsonline.com/china/,bing,receive sms online,9
https://receiveasmsonline.com/france/,bing,receive sms online,10
https://sms-receive.net/,bing,receive sms online,11
https://www.temp99.com/,bing,receive sms online,12
https://smstools.online/receive-free-sms/,bing,receive sms online,13
https://www.number4sms.com/,bing,receive sms online,14
https://cloakmobile.com/,bing,receive sms online,15
https://online-sms.org/,bing,receive sms online,16
https://mytempsms.com/receive-sms-online/usa-phone-number.html,bing,receive sms online,17
https://receivesms.info/united-states,bing,receive sms online,18
https://receivesmss.net/,bing,receive sms online,19
https://receive-sms.com/,bing,receive sms online,20
https://www.receivesms365.com/,bing,receive sms online,21
https://smstools.online/receive-free-sms/usa/,bing,receive sms online,22
https://receive-sms-free.cc/,bing,receive sms online,23
https://freesms-online.com/phone-numbers,bing,receive sms online,24
https://onlinesim.io/,bing,receive sms online,25
https://www.online-receive-sms.com/,bing,receive sms online,26
https://freephonenum.com/,bing,receive sms online,27
https://www.receivesms.org/receive-sms-online-from-google/,bing,receive sms online,28
https://www.virtualwebphone.com/,bing,receive sms online,29
https://receive-sms.cc/US-Phone-Number/,bing,receive sms online,30
https://receive-sms.com/home,bing,receive sms online,31
https://indiannumber.com/receive-sms/,bing,receive sms online,32
https://oksms.org/,bing,receive sms online,33
https://7sim.net/,bing,receive sms online,34
http://mini-wahr.de/receive-free-sms-for-whatsapp.html,bing,receive sms online,35
http://blumenriviera-shop.de/get-sms-code-online.html,bing,receive sms online,36
https://www.receivesms.org/receive-sms-online-from-carepathway/,bing,receive sms online,37
http://echte-freude-schenken.de/receive-sms-online-91.html,bing,receive sms online,38
https://receivesms.cc/sms/447533340474,bing,receive sms online,39
https://receive-smss.com/sms/6281905013973/,bing,receive sms online,40
https://pingme.tel/receive-sms-online/,bing,receive sms online,41
https://temp-sms.org/,bing,temporary sms,1
https://mytempsms.com/,bing,temporary sms,2
https://smstome.com/,bing,temporary sms,3
https://receive-smss.com/,bing,temporary sms,4
https://oksms.org/,bing,temporary sms,5
https://www.receivesms.org/,bing,temporary sms,6
https://www.temp99.com/,bing,temporary sms,7
https://cloakmobile.com/,bing,temporary sms,8
https://onlinesmsbox.com/,bing,temporary sms,9
https://www.temp-mails.com/,bing,temporary sms,10
https://www.number4sms.com/,bing,temporary sms,11
https://quackr.io/,bing,temporary sms,12
https://online-sms.org/,bing,temporary sms,13
https://freephonenum.com/us,bing,temporary sms,14
https://receivesmss.net/,bing,temporary sms,15
https://www.receivesms365.com/,bing,temporary sms,16
https://www.tesms.net/,bing,temporary sms,17
https://5sim.net/,bing,temporary sms,18
https://receivesms.cc/,bing,temporary sms,19
https://www.getyoursms.com/,bing,temporary sms,20
https://freephonenum.com/,bing,temporary sms,21
https://freepublicsms.com/,bing,temporary sms,22
https://www.virtualwebphone.com/,bing,temporary sms,23
https://temp-sms.org/?ref=Grabify_Nav,bing,temporary sms,24
https://quackr.io/temporary-numbers,bing,temporary sms,25
https://freepublicsms.com/page/Free-Temp-Phone-Number,bing,temporary sms,26
https://receivesms.live/,bing,temporary sms,27
https://onlinesim.io/,bing,temporary sms,28
https://receive-sms-free.cc/,bing,temporary sms,29
https://mytempsms.com/receive-sms-from/discord,bing,temporary sms,30
https://www.temp99.com/Receive/Australia/,bing,temporary sms,31
https://tempsms.net/,bing,temporary sms,32
https://textport.com/temporary-numbers,bing,temporary sms,33
https://onlinesmsbox.com/country/turkey,bing,temporary sms,34
https://receive-smss.com/inactive-numbers/,bing,temporary sms,35
https://5sim.net/?_escaped_fragment_=,bing,temporary sms,36
https://freesms-online.com/,bing,temporary sms,37
https://www.tempsms.net/US-Phone-Number,bing,temporary sms,38
https://temp-sms.net/,bing,temporary sms,39
https://mobilesms.io/,bing,temporary sms,40
https://mytempsms.com/,bing,temporary sms free,1
https://temp-sms.org/,bing,temporary sms free,2
https://smstome.com/,bing,temporary sms free,3
https://receive-smss.com/,bing,temporary sms free,4
https://cloakmobile.com/,bing,temporary sms free,5
https://onlinesmsbox.com/,bing,temporary sms free,6
https://receivesms.info/,bing,temporary sms free,7
https://www.temp99.com/,bing,temporary sms free,8
https://freepublicsms.com/page/Free-Temp-Phone-Number,bing,temporary sms free,9
https://7sim.net/,bing,temporary sms free,10
https://freephonenum.com/,bing,temporary sms free,11
https://oksms.org/,bing,temporary sms free,12
https://receive-sms-free.cc/,bing,temporary sms free,13
https://freepublicsms.com/,bing,temporary sms free,14
https://www.receivesms.org/,bing,temporary sms free,15
https://freephonenum.com/us,bing,temporary sms free,16
https://quackr.io/temporary-numbers,bing,temporary sms free,17
https://mytempsms.com/receive-sms-online/country.html,bing,temporary sms free,18
https://www.number4sms.com/,bing,temporary sms free,19
https://tempsms.net/,bing,temporary sms free,20
https://mytempsms.com/index/article/detail/id/153.html,bing,temporary sms free,21
https://receivesmss.net/,bing,temporary sms free,22
https://www.tesms.net/,bing,temporary sms free,23
https://www.getyoursms.com/,bing,temporary sms free,24
https://www.virtualwebphone.com/,bing,temporary sms free,25
https://www.free-sms-receive.com/,bing,temporary sms free,26
https://www.receivesms365.com/,bing,temporary sms free,27
https://online-sms.org/,bing,temporary sms free,28
https://www.online-receive-sms.com/,bing,temporary sms free,29
https://receivesms.cc/,bing,temporary sms free,30
https://onlinesmsbox.com/country/turkey,bing,temporary sms free,31
https://smstools.online/receive-free-sms/,bing,temporary sms free,32
https://receive-sms-free.cc/Free-USA-Phone-Number/,bing,temporary sms free,33
https://receivesms.live/,bing,temporary sms free,34
https://www.smsonline.cloud/country/Singapore,bing,temporary sms free,35
https://onlinesim.io/,bing,temporary sms free,36
https://temp-sms.org/?ref=Grabify_Nav,bing,temporary sms free,37
http://mini-wahr.de/sms-verification-free.html,bing,temporary sms free,38
https://receive-sms.cc/Receive-SMS-From/Discord,bing,temporary sms free,39
https://www.tempsms.net/US-Phone-Number,bing,temporary sms free,40
https://receive-sms.cc/Receive-SMS-From/WhatsApp,bing,temporary sms free,41
http://freereceivesmsonline.com/,bing,temporary sms free,42
https://www.raymond.cc/blog/top-10-sites-receive-sms-online-without-phone/,bing,public sms inbox,1
https://simpletexting.com/sms-inbox/,bing,public sms inbox,2
https://drfone.wondershare.com/message/receive-message-online.html,bing,public sms inbox,3
https://receive-smss.com/,bing,public sms inbox,4
https://receive-sms.com/,bing,public sms inbox,5
https://onlinesmsbox.com/,bing,public sms inbox,6
https://freepublicsms.com/page/Free-Temp-Phone-Number,bing,public sms inbox,7
https://www.receivesms.org/us-phone-numbers/us/,bing,public sms inbox,8
https://receivesms.cc/,bing,public sms inbox,9
https://www.temp-mails.com/,bing,public sms inbox,10
https://sms-receive.net/,bing,public sms inbox,11
https://freephonenum.com/,bing,public sms inbox,12
https://www.mailinator.com/v4/public/inboxes.jsp,bing,public sms inbox,13
https://www.textlocal.com/support/knowledge-base/viewing-inbox-messages/,bing,public sms inbox,14
https://receive-sms-online.info/,bing,public sms inbox,15
https://www.receivesms.org/,bing,public sms inbox,16
https://freepublicsms.com/page/Fake-Phone-Number-For-Verification,bing,public sms inbox,17
https://microsoft.public.sms.admin.narkive.com/mcwzwMFf/status-manager-inbox-not-created,bing,public sms inbox,18
https://www.mailinator.com/v3/,bing,public sms inbox,19
https://freephonenum.com/us,bing,public sms inbox,20
https://pingme.tel/receive-sms-online-canada-15142250543/,bing,public sms inbox,21
https://www.publicsurplus.com/sms/mys/inbox,bing,public sms inbox,22
https://receiveasms.com/,bing,public sms inbox,23
https://www.skycore.com/help/sms-inbox-mms-inbox/,bing,public sms inbox,24
https://www.publicsurplus.com/sms/mys/inbox?page=2,bing,public sms inbox,25
https://manybrain.github.io/m8rdocs/,bing,public sms inbox,26
https://microsoft.public.sms.misc.narkive.com/vSTF1Ixn/sms-inbox-manager-error-old-cap,bing,public sms inbox,27
https://tylerpaper.com/news/local/public-invited-to-offer-input-on-proposed-extension-of-waljim-street/article_a9d4275a-9e46-11ec-8dd6-1bee33a464a4.html,bing,public sms inbox,28
https://wcfcourier.com/news/local/city-of-waverly-seeks-public-input-on-projects/article_961a03f6-2554-5858-9f60-3006e7414649.html,bing,public sms inbox,29
https://fremonttribune.com/news/local/nebraska-public-media-offers-text-messaging-service-for-busy-parents-caregivers/article_723b9d13-3a11-5195-a168-9aa7eb49ff3c.html,bing,public sms inbox,30
https://www.nwitimes.com/news/local/lake/crown-point/crown-point-public-works-crews-address-water-main-break/article_37e18cc3-3616-5d97-bf42-5a241fd7faf5.html,bing,public sms inbox,31
https://stackoverflow.com/questions/11301046/search-sms-inbox,bing,public sms inbox,32
https://www.disposablemail.com/,bing,public sms inbox,33
https://bismarcktribune.com/news/local/public-meeting-set-on-expressway-intersections/article_a9bfd952-a6a7-5b46-bd60-785daa279c49.html,bing,public sms inbox,34
https://poststar.com/news/local/crandall-public-library-employees-show-off-artistic-skills-in-new-exhibit/article_34197eae-e57f-5075-bc62-d1fec23e83e4.html,bing,public sms inbox,35
https://receive-sms-free.cc/Free-UK-Phone-Number/,bing,public sms inbox,36
https://billingsgazette.com/news/local/billings-public-schools-will-remove-masks-on-buses/article_7494f3e3-da43-5374-a9c6-e27b4a5ebe9d.html,bing,public sms inbox,37
https://stackoverflow.com/questions/848728/how-can-i-read-sms-messages-from-the-device-programmatically-in-android,bing,public sms inbox,38
https://thetandd.com/news/local/orangeburg-home-damaged-by-fire/article_928102dd-bfe6-5636-9b0e-97f7ac545818.html,bing,public sms inbox,39
https://nonpareilonline.com/news/local/council-bluffs-to-host-public-meetings-on-waste-collection-contracts/article_4df11816-9bf9-11ec-9575-7f432d92ce71.html,bing,public sms inbox,40
https://kearneyhub.com/news/local/kearney-public-schools-girls-designed-bookmark-win-contest/article_3d0e7db2-89c6-11ec-b8f7-3bdb6bb0b72b.html,bing,public sms inbox,41
https://helenair.com/news/local/public-health-lewis-and-clark-co-covid-19-contact-tracing-goes-automated/article_6d0feb95-caea-5f78-b969-3aa2d9458c4c.html,bing,public sms inbox,42
https://billingsgazette.com/news/local/billings-public-schools-will-remove-mask-mandate/article_66d4528a-af95-586b-a3cb-2aece0be33e7.html,bing,public sms inbox,43
https://omaha.com/opinion/letters/the-public-pulse-revitalize-downtown-presidential-debates-prison-coverage/article_17fafede-7f93-11ec-9566-83d66faeb8cf.html,bing,public sms inbox,44
http://receivesmsonline.net,reaves,,
http://receive-sms-online.info,reaves,,
http://receive-sms-now.com,reaves,,
http://hs3x.com,reaves,,
http://receivesmsonline.com,reaves,,
http://receivefreesms.com,reaves,,
http://receive-sms-online.com,reaves,,
http://e-receivesms.com,reaves,,
http://freesmscode.com,cheng,,
http://yinsiduanxin.com,cheng,,
http://mianfeijiema.com,cheng,,
http://yunduanxin.net,cheng,,
http://smsreceivefree.com,cheng,,
http://bfkdim.com,cheng,,
http://yunjiema.net,cheng,,
http://becmd.com,cheng,,
http://us-phone-number.com,cheng,,
http://receive-smss.com,cheng,,
