cluster,host
-1,receive-smss.com
-1,smsreceivefree.com
-1,mytempsms.com
-1,getfreesmsnumber.com
-1,sms-acktiwator.ru
-1,smser.net
-1,temporary-phone-number.com
-1,sms.sellaite.com
-1,freeonlinephone.org
-1,karteplus.com
-1,receivesms.info
-1,cloakmobile.com
-1,onlinesmsbox.com
-1,freepublicsms.com
-1,sms-online.co
-1,sms-receive.net
-1,receiveasms.com
-1,smsonline.cloud
-1,spytm.com
-1,temp-mails.com
-1,receivefreesms.net
-1,smsreceivefree.net
-1,receiveasmsonline.com
-1,receive-sms-online.info
-1,quackr.io
-1,mianfeijiema.com
0,receivesms.co
0,receive-sms.cc
0,z-sms.com
0,smsreceive.site
0,smstools.online
0,freesmscenter.com
0,smstome.com
0,freephonenum.com
0,us-phone-number.com
0,7sim.net
0,temp99.com
0,indiannumber.com
0,yunduanxin.net
0,receive-sms-free.cc
0,freereceivesms.com
0,zusms.com
0,receive-sms-online.cc
0,freephonenum.com
0,online-receive-sms.com
0,yunjiema.net
0,sms24.me
0,online-sms.org
0,xnsms.com
0,free-sms-receive.com
0,temp-number.com
1,receivesms.live
1,receivesmsfast.com
1,receivesms365.com
1,tesms.net
1,virtualwebphone.com
1,temp-sms.net
1,receivefreesms.info
2,yunjisms.xyz
2,bfkdim.com
3,onlinesim.ru
3,onlinesim.io
4,yinsiduanxin.com
4,bestreceivesms.com
